Height,Weight,Gender,BMI Class,Calories Maintained,Diet
173,89,Female,1,2918,"Breakfast: Turkey sandwich, veggies, Lunch: Greek yogurt with berries, Dinner: Grilled chicken salad, Snacks: Rice cakes with peanut butter"
186,98,Female,3,2270,"Breakfast: Grilled chicken, quinoa, Lunch: Baked sweet potatoes with chicken, Dinner: Baked salmon, steamed broccoli, Snacks: Handful of mixed nuts"
185,103,Female,4,1840,"Breakfast: Smoothie with spinach, banana, Lunch: Smoothie with spinach, banana, Dinner: Grilled fish, salad, Snacks: Rice cakes with peanut butter"
169,51,Male,3,3000,"Breakfast: Baked salmon, steamed broccoli, Lunch: Baked sweet potatoes with chicken, Dinner: Baked sweet potatoes with chicken, Snacks: Carrot sticks with hummus"
177,67,Female,0,2519,"Breakfast: Oatmeal with fruits, Lunch: Fruit smoothie, Dinner: Low-fat yogurt with honey, Snacks: Handful of mixed nuts"
159,81,Female,5,1689,"Breakfast: Protein shake, almond butter toast, Lunch: Lean beef, roasted vegetables, Dinner: Protein bar, Snacks: Rice cakes with peanut butter"
162,110,Female,2,1798,"Breakfast: Chicken wrap with veggies, Lunch: Stir-fried tofu, brown rice, Dinner: Stir-fried tofu, brown rice, Snacks: Trail mix"
172,107,Male,2,2163,"Breakfast: Grilled salmon with quinoa, Lunch: Chicken wrap with veggies, Dinner: Scrambled eggs, whole wheat bread, Snacks: Trail mix"
153,113,Male,4,1898,"Breakfast: Grilled fish, salad, Lunch: Smoothie with spinach, banana, Dinner: Grilled fish, salad, Snacks: Carrot sticks with hummus"
188,88,Male,3,2436,"Breakfast: Baked sweet potatoes with chicken, Lunch: Baked sweet potatoes with chicken, Dinner: Grilled chicken, quinoa, Snacks: Greek yogurt with granola"
165,80,Male,3,2390,"Breakfast: Baked sweet potatoes with chicken, Lunch: Greek yogurt with nuts, Dinner: Grilled chicken, quinoa, Snacks: Protein bar"
171,99,Male,1,1488,"Breakfast: Greek yogurt with berries, Lunch: Whole grain toast, avocado, Dinner: Whole grain toast, avocado, Snacks: Greek yogurt with granola"
158,62,Female,4,2177,"Breakfast: Quinoa salad with feta cheese, Lunch: Chicken breast with steamed veggies, Dinner: Chicken breast with steamed veggies, Snacks: Protein bar"
173,51,Female,4,1949,"Breakfast: Quinoa salad with feta cheese, Lunch: Smoothie with spinach, banana, Dinner: Quinoa salad with feta cheese, Snacks: Trail mix"
158,51,Male,3,1256,"Breakfast: Baked salmon, steamed broccoli, Lunch: Grilled chicken, quinoa, Dinner: Baked sweet potatoes with chicken, Snacks: Carrot sticks with hummus"
178,51,Male,1,1352,"Breakfast: Turkey sandwich, veggies, Lunch: Greek yogurt with berries, Dinner: Turkey sandwich, veggies, Snacks: Rice cakes with peanut butter"
181,78,Male,5,1947,"Breakfast: Protein shake, almond butter toast, Lunch: Protein shake, almond butter toast, Dinner: Lean beef, roasted vegetables, Snacks: Carrot sticks with hummus"
162,65,Male,3,2056,"Breakfast: Greek yogurt with nuts, Lunch: Greek yogurt with nuts, Dinner: Baked sweet potatoes with chicken, Snacks: Rice cakes with peanut butter"
165,55,Female,1,3000,"Breakfast: Grilled chicken salad, Lunch: Turkey sandwich, veggies, Dinner: Grilled chicken salad, Snacks: Trail mix"
161,40,Female,5,2638,"Breakfast: Protein bar, Lunch: Lean beef, roasted vegetables, Dinner: Lean beef, roasted vegetables, Snacks: Greek yogurt with granola"
168,48,Male,2,2110,"Breakfast: Stir-fried tofu, brown rice, Lunch: Chicken wrap with veggies, Dinner: Scrambled eggs, whole wheat bread, Snacks: Rice cakes with peanut butter"
171,118,Female,5,2254,"Breakfast: Fish with steamed vegetables, brown rice, Lunch: Protein shake, almond butter toast, Dinner: Protein bar, Snacks: Carrot sticks with hummus"
150,62,Male,0,2121,"Breakfast: Fruit smoothie, Lunch: Fruit smoothie, Dinner: Boiled egg with spinach, Snacks: Trail mix"
185,111,Female,4,2869,"Breakfast: Smoothie with spinach, banana, Lunch: Chicken breast with steamed veggies, Dinner: Smoothie with spinach, banana, Snacks: Protein bar"
181,77,Female,5,2017,"Breakfast: Lean beef, roasted vegetables, Lunch: Protein bar, Dinner: Lean beef, roasted vegetables, Snacks: Rice cakes with peanut butter"
166,78,Male,0,2334,"Breakfast: Low-fat yogurt with honey, Lunch: Oatmeal with fruits, Dinner: Boiled egg with spinach, Snacks: Carrot sticks with hummus"
155,75,Male,2,2560,"Breakfast: Chicken wrap with veggies, Lunch: Grilled salmon with quinoa, Dinner: Stir-fried tofu, brown rice, Snacks: Trail mix"
160,67,Female,4,1509,"Breakfast: Smoothie with spinach, banana, Lunch: Quinoa salad with feta cheese, Dinner: Grilled fish, salad, Snacks: Rice cakes with peanut butter"
165,89,Female,2,1600,"Breakfast: Scrambled eggs, whole wheat bread, Lunch: Grilled salmon with quinoa, Dinner: Stir-fried tofu, brown rice, Snacks: Trail mix"
188,113,Male,1,1369,"Breakfast: Greek yogurt with berries, Lunch: Turkey sandwich, veggies, Dinner: Grilled chicken salad, Snacks: Carrot sticks with hummus"
170,45,Male,0,1327,"Breakfast: Oatmeal with fruits, Lunch: Oatmeal with fruits, Dinner: Oatmeal with fruits, Snacks: Carrot sticks with hummus"
179,55,Female,0,2148,"Breakfast: Oatmeal with fruits, Lunch: Low-fat yogurt with honey, Dinner: Fruit smoothie, Snacks: Handful of mixed nuts"
167,118,Male,5,2660,"Breakfast: Fish with steamed vegetables, brown rice, Lunch: Protein shake, almond butter toast, Dinner: Lean beef, roasted vegetables, Snacks: Apple slices with almond butter"
180,74,Female,4,2201,"Breakfast: Smoothie with spinach, banana, Lunch: Grilled fish, salad, Dinner: Chicken breast with steamed veggies, Snacks: Apple slices with almond butter"
182,113,Female,1,2621,"Breakfast: Turkey sandwich, veggies, Lunch: Turkey sandwich, veggies, Dinner: Grilled chicken salad, Snacks: Carrot sticks with hummus"
155,91,Male,2,2546,"Breakfast: Grilled salmon with quinoa, Lunch: Scrambled eggs, whole wheat bread, Dinner: Stir-fried tofu, brown rice, Snacks: Carrot sticks with hummus"
157,70,Female,3,1200,"Breakfast: Greek yogurt with nuts, Lunch: Grilled chicken, quinoa, Dinner: Greek yogurt with nuts, Snacks: Greek yogurt with granola"
176,72,Female,1,2797,"Breakfast: Turkey sandwich, veggies, Lunch: Turkey sandwich, veggies, Dinner: Greek yogurt with berries, Snacks: Greek yogurt with granola"
189,101,Male,2,1772,"Breakfast: Chicken wrap with veggies, Lunch: Scrambled eggs, whole wheat bread, Dinner: Stir-fried tofu, brown rice, Snacks: Handful of mixed nuts"
175,116,Male,3,2727,"Breakfast: Greek yogurt with nuts, Lunch: Baked sweet potatoes with chicken, Dinner: Grilled chicken, quinoa, Snacks: Carrot sticks with hummus"
184,99,Male,3,2360,"Breakfast: Baked sweet potatoes with chicken, Lunch: Greek yogurt with nuts, Dinner: Grilled chicken, quinoa, Snacks: Carrot sticks with hummus"
153,44,Male,4,1675,"Breakfast: Smoothie with spinach, banana, Lunch: Quinoa salad with feta cheese, Dinner: Quinoa salad with feta cheese, Snacks: Rice cakes with peanut butter"
154,83,Female,0,2342,"Breakfast: Oatmeal with fruits, Lunch: Low-fat yogurt with honey, Dinner: Fruit smoothie, Snacks: Trail mix"
177,89,Female,3,1562,"Breakfast: Baked salmon, steamed broccoli, Lunch: Baked sweet potatoes with chicken, Dinner: Baked sweet potatoes with chicken, Snacks: Trail mix"
173,108,Male,3,1638,"Breakfast: Baked sweet potatoes with chicken, Lunch: Grilled chicken, quinoa, Dinner: Baked salmon, steamed broccoli, Snacks: Apple slices with almond butter"
162,60,Male,4,2373,"Breakfast: Quinoa salad with feta cheese, Lunch: Smoothie with spinach, banana, Dinner: Quinoa salad with feta cheese, Snacks: Handful of mixed nuts"
170,112,Male,4,1991,"Breakfast: Smoothie with spinach, banana, Lunch: Grilled fish, salad, Dinner: Grilled fish, salad, Snacks: Apple slices with almond butter"
183,43,Female,3,2689,"Breakfast: Grilled chicken, quinoa, Lunch: Baked sweet potatoes with chicken, Dinner: Baked salmon, steamed broccoli, Snacks: Greek yogurt with granola"
159,95,Female,4,2854,"Breakfast: Quinoa salad with feta cheese, Lunch: Smoothie with spinach, banana, Dinner: Smoothie with spinach, banana, Snacks: Greek yogurt with granola"
181,101,Female,0,1658,"Breakfast: Boiled egg with spinach, Lunch: Fruit smoothie, Dinner: Boiled egg with spinach, Snacks: Protein bar"
172,78,Female,0,2276,"Breakfast: Oatmeal with fruits, Lunch: Low-fat yogurt with honey, Dinner: Oatmeal with fruits, Snacks: Rice cakes with peanut butter"
153,81,Female,2,1463,"Breakfast: Grilled salmon with quinoa, Lunch: Chicken wrap with veggies, Dinner: Scrambled eggs, whole wheat bread, Snacks: Trail mix"
177,76,Male,4,2492,"Breakfast: Chicken breast with steamed veggies, Lunch: Chicken breast with steamed veggies, Dinner: Grilled fish, salad, Snacks: Rice cakes with peanut butter"
179,48,Male,1,2461,"Breakfast: Whole grain toast, avocado, Lunch: Whole grain toast, avocado, Dinner: Turkey sandwich, veggies, Snacks: Apple slices with almond butter"
167,80,Female,1,2655,"Breakfast: Greek yogurt with berries, Lunch: Whole grain toast, avocado, Dinner: Whole grain toast, avocado, Snacks: Carrot sticks with hummus"
180,80,Male,1,2822,"Breakfast: Greek yogurt with berries, Lunch: Greek yogurt with berries, Dinner: Whole grain toast, avocado, Snacks: Greek yogurt with granola"
152,101,Female,0,2184,"Breakfast: Oatmeal with fruits, Lunch: Boiled egg with spinach, Dinner: Low-fat yogurt with honey, Snacks: Greek yogurt with granola"
189,65,Male,4,2440,"Breakfast: Chicken breast with steamed veggies, Lunch: Smoothie with spinach, banana, Dinner: Grilled fish, salad, Snacks: Trail mix"
165,107,Male,0,2074,"Breakfast: Low-fat yogurt with honey, Lunch: Oatmeal with fruits, Dinner: Oatmeal with fruits, Snacks: Handful of mixed nuts"
187,94,Male,1,1774,"Breakfast: Greek yogurt with berries, Lunch: Whole grain toast, avocado, Dinner: Greek yogurt with berries, Snacks: Rice cakes with peanut butter"
181,73,Male,4,2284,"Breakfast: Quinoa salad with feta cheese, Lunch: Quinoa salad with feta cheese, Dinner: Quinoa salad with feta cheese, Snacks: Greek yogurt with granola"
176,100,Male,1,2333,"Breakfast: Greek yogurt with berries, Lunch: Whole grain toast, avocado, Dinner: Greek yogurt with berries, Snacks: Rice cakes with peanut butter"
190,76,Female,1,2657,"Breakfast: Turkey sandwich, veggies, Lunch: Whole grain toast, avocado, Dinner: Whole grain toast, avocado, Snacks: Handful of mixed nuts"
156,56,Male,5,2805,"Breakfast: Protein bar, Lunch: Protein shake, almond butter toast, Dinner: Protein shake, almond butter toast, Snacks: Apple slices with almond butter"
187,99,Female,1,1656,"Breakfast: Greek yogurt with berries, Lunch: Turkey sandwich, veggies, Dinner: Grilled chicken salad, Snacks: Handful of mixed nuts"
176,103,Female,0,2008,"Breakfast: Low-fat yogurt with honey, Lunch: Boiled egg with spinach, Dinner: Fruit smoothie, Snacks: Apple slices with almond butter"
184,98,Male,2,1223,"Breakfast: Chicken wrap with veggies, Lunch: Chicken wrap with veggies, Dinner: Stir-fried tofu, brown rice, Snacks: Apple slices with almond butter"
171,110,Male,4,1200,"Breakfast: Chicken breast with steamed veggies, Lunch: Chicken breast with steamed veggies, Dinner: Quinoa salad with feta cheese, Snacks: Handful of mixed nuts"
179,94,Female,0,2277,"Breakfast: Boiled egg with spinach, Lunch: Boiled egg with spinach, Dinner: Fruit smoothie, Snacks: Handful of mixed nuts"
182,41,Female,3,1747,"Breakfast: Baked salmon, steamed broccoli, Lunch: Baked sweet potatoes with chicken, Dinner: Grilled chicken, quinoa, Snacks: Trail mix"
167,119,Male,1,2846,"Breakfast: Turkey sandwich, veggies, Lunch: Grilled chicken salad, Dinner: Grilled chicken salad, Snacks: Trail mix"
154,66,Female,0,2219,"Breakfast: Oatmeal with fruits, Lunch: Boiled egg with spinach, Dinner: Fruit smoothie, Snacks: Handful of mixed nuts"
185,57,Male,0,1279,"Breakfast: Low-fat yogurt with honey, Lunch: Fruit smoothie, Dinner: Boiled egg with spinach, Snacks: Handful of mixed nuts"
164,80,Female,5,2204,"Breakfast: Protein shake, almond butter toast, Lunch: Protein bar, Dinner: Protein bar, Snacks: Trail mix"
180,60,Male,3,1262,"Breakfast: Grilled chicken, quinoa, Lunch: Baked salmon, steamed broccoli, Dinner: Greek yogurt with nuts, Snacks: Handful of mixed nuts"
170,73,Male,3,2777,"Breakfast: Baked salmon, steamed broccoli, Lunch: Baked sweet potatoes with chicken, Dinner: Greek yogurt with nuts, Snacks: Greek yogurt with granola"
152,76,Female,5,2743,"Breakfast: Fish with steamed vegetables, brown rice, Lunch: Protein bar, Dinner: Protein bar, Snacks: Handful of mixed nuts"
162,85,Male,3,1541,"Breakfast: Baked salmon, steamed broccoli, Lunch: Baked salmon, steamed broccoli, Dinner: Grilled chicken, quinoa, Snacks: Handful of mixed nuts"
155,65,Female,4,2047,"Breakfast: Smoothie with spinach, banana, Lunch: Smoothie with spinach, banana, Dinner: Grilled fish, salad, Snacks: Trail mix"
159,62,Male,3,2000,"Breakfast: Baked sweet potatoes with chicken, Lunch: Baked salmon, steamed broccoli, Dinner: Greek yogurt with nuts, Snacks: Trail mix"
163,91,Female,0,3000,"Breakfast: Fruit smoothie, Lunch: Low-fat yogurt with honey, Dinner: Boiled egg with spinach, Snacks: Handful of mixed nuts"
167,43,Female,0,1487,"Breakfast: Oatmeal with fruits, Lunch: Low-fat yogurt with honey, Dinner: Low-fat yogurt with honey, Snacks: Carrot sticks with hummus"
186,108,Male,2,1962,"Breakfast: Grilled salmon with quinoa, Lunch: Scrambled eggs, whole wheat bread, Dinner: Chicken wrap with veggies, Snacks: Handful of mixed nuts"
185,62,Female,0,2854,"Breakfast: Fruit smoothie, Lunch: Boiled egg with spinach, Dinner: Fruit smoothie, Snacks: Handful of mixed nuts"
162,78,Male,3,1323,"Breakfast: Grilled chicken, quinoa, Lunch: Grilled chicken, quinoa, Dinner: Baked salmon, steamed broccoli, Snacks: Apple slices with almond butter"
164,48,Male,2,1479,"Breakfast: Stir-fried tofu, brown rice, Lunch: Chicken wrap with veggies, Dinner: Stir-fried tofu, brown rice, Snacks: Apple slices with almond butter"
168,74,Male,0,2837,"Breakfast: Fruit smoothie, Lunch: Oatmeal with fruits, Dinner: Boiled egg with spinach, Snacks: Handful of mixed nuts"
183,78,Male,4,2184,"Breakfast: Grilled fish, salad, Lunch: Grilled fish, salad, Dinner: Quinoa salad with feta cheese, Snacks: Trail mix"
160,88,Male,3,2714,"Breakfast: Baked salmon, steamed broccoli, Lunch: Baked salmon, steamed broccoli, Dinner: Baked sweet potatoes with chicken, Snacks: Greek yogurt with granola"
173,86,Female,1,1692,"Breakfast: Grilled chicken salad, Lunch: Grilled chicken salad, Dinner: Grilled chicken salad, Snacks: Handful of mixed nuts"
189,71,Male,1,2214,"Breakfast: Greek yogurt with berries, Lunch: Whole grain toast, avocado, Dinner: Grilled chicken salad, Snacks: Protein bar"
151,49,Female,4,2581,"Breakfast: Quinoa salad with feta cheese, Lunch: Chicken breast with steamed veggies, Dinner: Chicken breast with steamed veggies, Snacks: Handful of mixed nuts"
182,62,Female,4,1674,"Breakfast: Grilled fish, salad, Lunch: Chicken breast with steamed veggies, Dinner: Smoothie with spinach, banana, Snacks: Trail mix"
186,81,Female,0,2645,"Breakfast: Oatmeal with fruits, Lunch: Boiled egg with spinach, Dinner: Low-fat yogurt with honey, Snacks: Handful of mixed nuts"
175,113,Female,1,2195,"Breakfast: Greek yogurt with berries, Lunch: Whole grain toast, avocado, Dinner: Greek yogurt with berries, Snacks: Trail mix"
184,71,Male,4,1574,"Breakfast: Grilled fish, salad, Lunch: Grilled fish, salad, Dinner: Chicken breast with steamed veggies, Snacks: Greek yogurt with granola"
183,58,Female,1,1439,"Breakfast: Whole grain toast, avocado, Lunch: Whole grain toast, avocado, Dinner: Whole grain toast, avocado, Snacks: Greek yogurt with granola"
173,60,Male,5,1416,"Breakfast: Lean beef, roasted vegetables, Lunch: Protein shake, almond butter toast, Dinner: Protein bar, Snacks: Apple slices with almond butter"
166,119,Female,3,2463,"Breakfast: Greek yogurt with nuts, Lunch: Baked salmon, steamed broccoli, Dinner: Baked salmon, steamed broccoli, Snacks: Handful of mixed nuts"
166,72,Female,0,2234,"Breakfast: Boiled egg with spinach, Lunch: Oatmeal with fruits, Dinner: Fruit smoothie, Snacks: Protein bar"
167,92,Female,0,2752,"Breakfast: Low-fat yogurt with honey, Lunch: Oatmeal with fruits, Dinner: Fruit smoothie, Snacks: Protein bar"
183,104,Male,0,1927,"Breakfast: Boiled egg with spinach, Lunch: Low-fat yogurt with honey, Dinner: Fruit smoothie, Snacks: Protein bar"
177,72,Female,2,2504,"Breakfast: Grilled salmon with quinoa, Lunch: Chicken wrap with veggies, Dinner: Chicken wrap with veggies, Snacks: Trail mix"
167,103,Female,0,2053,"Breakfast: Low-fat yogurt with honey, Lunch: Oatmeal with fruits, Dinner: Low-fat yogurt with honey, Snacks: Rice cakes with peanut butter"
183,69,Female,0,2736,"Breakfast: Low-fat yogurt with honey, Lunch: Oatmeal with fruits, Dinner: Fruit smoothie, Snacks: Carrot sticks with hummus"
153,109,Female,3,2959,"Breakfast: Baked salmon, steamed broccoli, Lunch: Baked salmon, steamed broccoli, Dinner: Baked sweet potatoes with chicken, Snacks: Rice cakes with peanut butter"
172,92,Male,2,2582,"Breakfast: Stir-fried tofu, brown rice, Lunch: Chicken wrap with veggies, Dinner: Scrambled eggs, whole wheat bread, Snacks: Protein bar"
164,45,Male,0,1200,"Breakfast: Low-fat yogurt with honey, Lunch: Oatmeal with fruits, Dinner: Boiled egg with spinach, Snacks: Rice cakes with peanut butter"
169,77,Male,4,2567,"Breakfast: Quinoa salad with feta cheese, Lunch: Grilled fish, salad, Dinner: Chicken breast with steamed veggies, Snacks: Handful of mixed nuts"
167,67,Female,0,1288,"Breakfast: Fruit smoothie, Lunch: Boiled egg with spinach, Dinner: Low-fat yogurt with honey, Snacks: Carrot sticks with hummus"
163,82,Female,3,1254,"Breakfast: Greek yogurt with nuts, Lunch: Greek yogurt with nuts, Dinner: Baked salmon, steamed broccoli, Snacks: Protein bar"
174,46,Female,5,1952,"Breakfast: Lean beef, roasted vegetables, Lunch: Fish with steamed vegetables, brown rice, Dinner: Fish with steamed vegetables, brown rice, Snacks: Trail mix"
166,96,Male,3,2914,"Breakfast: Greek yogurt with nuts, Lunch: Baked salmon, steamed broccoli, Dinner: Greek yogurt with nuts, Snacks: Apple slices with almond butter"
165,44,Male,5,2450,"Breakfast: Protein bar, Lunch: Protein bar, Dinner: Fish with steamed vegetables, brown rice, Snacks: Rice cakes with peanut butter"
150,89,Female,3,1637,"Breakfast: Baked sweet potatoes with chicken, Lunch: Grilled chicken, quinoa, Dinner: Grilled chicken, quinoa, Snacks: Rice cakes with peanut butter"
178,72,Female,3,1644,"Breakfast: Greek yogurt with nuts, Lunch: Greek yogurt with nuts, Dinner: Baked sweet potatoes with chicken, Snacks: Trail mix"
177,53,Male,5,1520,"Breakfast: Protein bar, Lunch: Protein bar, Dinner: Protein bar, Snacks: Trail mix"
180,100,Female,0,3000,"Breakfast: Low-fat yogurt with honey, Lunch: Oatmeal with fruits, Dinner: Oatmeal with fruits, Snacks: Protein bar"
156,106,Female,3,2747,"Breakfast: Baked sweet potatoes with chicken, Lunch: Baked salmon, steamed broccoli, Dinner: Baked salmon, steamed broccoli, Snacks: Handful of mixed nuts"
168,109,Male,0,2081,"Breakfast: Oatmeal with fruits, Lunch: Low-fat yogurt with honey, Dinner: Fruit smoothie, Snacks: Protein bar"
172,105,Female,5,2577,"Breakfast: Protein shake, almond butter toast, Lunch: Lean beef, roasted vegetables, Dinner: Protein bar, Snacks: Trail mix"
161,101,Male,5,2278,"Breakfast: Protein bar, Lunch: Lean beef, roasted vegetables, Dinner: Protein bar, Snacks: Rice cakes with peanut butter"
171,67,Female,0,1208,"Breakfast: Boiled egg with spinach, Lunch: Low-fat yogurt with honey, Dinner: Low-fat yogurt with honey, Snacks: Carrot sticks with hummus"
186,107,Male,3,2204,"Breakfast: Grilled chicken, quinoa, Lunch: Greek yogurt with nuts, Dinner: Greek yogurt with nuts, Snacks: Greek yogurt with granola"
176,51,Female,4,2132,"Breakfast: Quinoa salad with feta cheese, Lunch: Grilled fish, salad, Dinner: Quinoa salad with feta cheese, Snacks: Carrot sticks with hummus"
165,120,Male,4,1755,"Breakfast: Grilled fish, salad, Lunch: Grilled fish, salad, Dinner: Chicken breast with steamed veggies, Snacks: Handful of mixed nuts"
177,113,Male,3,1293,"Breakfast: Grilled chicken, quinoa, Lunch: Baked sweet potatoes with chicken, Dinner: Baked sweet potatoes with chicken, Snacks: Greek yogurt with granola"
168,86,Female,5,1421,"Breakfast: Fish with steamed vegetables, brown rice, Lunch: Protein shake, almond butter toast, Dinner: Protein shake, almond butter toast, Snacks: Carrot sticks with hummus"
188,52,Female,2,2738,"Breakfast: Grilled salmon with quinoa, Lunch: Chicken wrap with veggies, Dinner: Stir-fried tofu, brown rice, Snacks: Protein bar"
161,45,Male,4,2685,"Breakfast: Smoothie with spinach, banana, Lunch: Quinoa salad with feta cheese, Dinner: Grilled fish, salad, Snacks: Carrot sticks with hummus"
165,70,Female,1,2270,"Breakfast: Greek yogurt with berries, Lunch: Whole grain toast, avocado, Dinner: Whole grain toast, avocado, Snacks: Protein bar"
163,99,Male,0,1670,"Breakfast: Oatmeal with fruits, Lunch: Oatmeal with fruits, Dinner: Boiled egg with spinach, Snacks: Protein bar"
189,56,Female,0,2914,"Breakfast: Boiled egg with spinach, Lunch: Low-fat yogurt with honey, Dinner: Oatmeal with fruits, Snacks: Rice cakes with peanut butter"
156,48,Female,2,1727,"Breakfast: Scrambled eggs, whole wheat bread, Lunch: Scrambled eggs, whole wheat bread, Dinner: Chicken wrap with veggies, Snacks: Rice cakes with peanut butter"
159,54,Male,5,1662,"Breakfast: Protein bar, Lunch: Protein bar, Dinner: Protein bar, Snacks: Greek yogurt with granola"
155,69,Male,5,1540,"Breakfast: Fish with steamed vegetables, brown rice, Lunch: Protein bar, Dinner: Protein shake, almond butter toast, Snacks: Trail mix"
172,99,Male,4,2369,"Breakfast: Chicken breast with steamed veggies, Lunch: Grilled fish, salad, Dinner: Quinoa salad with feta cheese, Snacks: Apple slices with almond butter"
159,86,Female,1,1688,"Breakfast: Greek yogurt with berries, Lunch: Turkey sandwich, veggies, Dinner: Turkey sandwich, veggies, Snacks: Apple slices with almond butter"
171,75,Male,4,2608,"Breakfast: Smoothie with spinach, banana, Lunch: Smoothie with spinach, banana, Dinner: Grilled fish, salad, Snacks: Greek yogurt with granola"
164,117,Female,2,1233,"Breakfast: Chicken wrap with veggies, Lunch: Chicken wrap with veggies, Dinner: Chicken wrap with veggies, Snacks: Trail mix"
163,85,Male,5,2746,"Breakfast: Lean beef, roasted vegetables, Lunch: Fish with steamed vegetables, brown rice, Dinner: Fish with steamed vegetables, brown rice, Snacks: Apple slices with almond butter"
161,61,Female,4,2134,"Breakfast: Chicken breast with steamed veggies, Lunch: Quinoa salad with feta cheese, Dinner: Chicken breast with steamed veggies, Snacks: Apple slices with almond butter"
155,48,Male,2,2974,"Breakfast: Stir-fried tofu, brown rice, Lunch: Chicken wrap with veggies, Dinner: Scrambled eggs, whole wheat bread, Snacks: Carrot sticks with hummus"
163,81,Male,5,2913,"Breakfast: Lean beef, roasted vegetables, Lunch: Fish with steamed vegetables, brown rice, Dinner: Fish with steamed vegetables, brown rice, Snacks: Trail mix"
157,119,Female,2,1716,"Breakfast: Stir-fried tofu, brown rice, Lunch: Grilled salmon with quinoa, Dinner: Stir-fried tofu, brown rice, Snacks: Trail mix"
178,96,Male,3,1623,"Breakfast: Greek yogurt with nuts, Lunch: Baked salmon, steamed broccoli, Dinner: Baked sweet potatoes with chicken, Snacks: Greek yogurt with granola"
156,100,Male,0,2359,"Breakfast: Low-fat yogurt with honey, Lunch: Oatmeal with fruits, Dinner: Boiled egg with spinach, Snacks: Trail mix"
179,51,Male,4,1975,"Breakfast: Chicken breast with steamed veggies, Lunch: Grilled fish, salad, Dinner: Smoothie with spinach, banana, Snacks: Handful of mixed nuts"
182,96,Male,5,1890,"Breakfast: Protein bar, Lunch: Protein shake, almond butter toast, Dinner: Protein bar, Snacks: Protein bar"
164,56,Male,4,1200,"Breakfast: Smoothie with spinach, banana, Lunch: Quinoa salad with feta cheese, Dinner: Quinoa salad with feta cheese, Snacks: Apple slices with almond butter"
174,88,Male,2,1809,"Breakfast: Grilled salmon with quinoa, Lunch: Chicken wrap with veggies, Dinner: Stir-fried tofu, brown rice, Snacks: Protein bar"
168,107,Female,2,2360,"Breakfast: Scrambled eggs, whole wheat bread, Lunch: Grilled salmon with quinoa, Dinner: Chicken wrap with veggies, Snacks: Protein bar"
159,73,Female,2,1546,"Breakfast: Grilled salmon with quinoa, Lunch: Chicken wrap with veggies, Dinner: Stir-fried tofu, brown rice, Snacks: Apple slices with almond butter"
179,85,Male,5,2598,"Breakfast: Protein bar, Lunch: Lean beef, roasted vegetables, Dinner: Lean beef, roasted vegetables, Snacks: Protein bar"
166,40,Female,3,2561,"Breakfast: Greek yogurt with nuts, Lunch: Baked salmon, steamed broccoli, Dinner: Baked sweet potatoes with chicken, Snacks: Handful of mixed nuts"
155,75,Female,2,1760,"Breakfast: Scrambled eggs, whole wheat bread, Lunch: Scrambled eggs, whole wheat bread, Dinner: Scrambled eggs, whole wheat bread, Snacks: Rice cakes with peanut butter"
185,94,Female,5,1438,"Breakfast: Lean beef, roasted vegetables, Lunch: Protein shake, almond butter toast, Dinner: Lean beef, roasted vegetables, Snacks: Rice cakes with peanut butter"
170,69,Male,2,2142,"Breakfast: Grilled salmon with quinoa, Lunch: Scrambled eggs, whole wheat bread, Dinner: Grilled salmon with quinoa, Snacks: Protein bar"
181,44,Male,3,2887,"Breakfast: Baked salmon, steamed broccoli, Lunch: Baked sweet potatoes with chicken, Dinner: Greek yogurt with nuts, Snacks: Trail mix"
188,40,Female,1,1864,"Breakfast: Grilled chicken salad, Lunch: Turkey sandwich, veggies, Dinner: Whole grain toast, avocado, Snacks: Carrot sticks with hummus"
184,47,Male,3,1644,"Breakfast: Baked sweet potatoes with chicken, Lunch: Greek yogurt with nuts, Dinner: Grilled chicken, quinoa, Snacks: Greek yogurt with granola"
169,104,Male,2,1362,"Breakfast: Chicken wrap with veggies, Lunch: Grilled salmon with quinoa, Dinner: Scrambled eggs, whole wheat bread, Snacks: Protein bar"
180,102,Male,0,2170,"Breakfast: Oatmeal with fruits, Lunch: Boiled egg with spinach, Dinner: Boiled egg with spinach, Snacks: Handful of mixed nuts"
170,99,Male,2,2956,"Breakfast: Scrambled eggs, whole wheat bread, Lunch: Grilled salmon with quinoa, Dinner: Grilled salmon with quinoa, Snacks: Apple slices with almond butter"
154,70,Female,0,2643,"Breakfast: Fruit smoothie, Lunch: Oatmeal with fruits, Dinner: Low-fat yogurt with honey, Snacks: Trail mix"
154,64,Female,0,1371,"Breakfast: Low-fat yogurt with honey, Lunch: Boiled egg with spinach, Dinner: Oatmeal with fruits, Snacks: Greek yogurt with granola"
178,48,Male,0,1909,"Breakfast: Fruit smoothie, Lunch: Boiled egg with spinach, Dinner: Low-fat yogurt with honey, Snacks: Carrot sticks with hummus"
171,70,Male,2,2513,"Breakfast: Chicken wrap with veggies, Lunch: Scrambled eggs, whole wheat bread, Dinner: Stir-fried tofu, brown rice, Snacks: Apple slices with almond butter"
171,74,Female,0,1754,"Breakfast: Fruit smoothie, Lunch: Boiled egg with spinach, Dinner: Fruit smoothie, Snacks: Greek yogurt with granola"
181,111,Female,5,1953,"Breakfast: Protein bar, Lunch: Lean beef, roasted vegetables, Dinner: Protein bar, Snacks: Apple slices with almond butter"
161,77,Male,0,1477,"Breakfast: Low-fat yogurt with honey, Lunch: Low-fat yogurt with honey, Dinner: Oatmeal with fruits, Snacks: Protein bar"
189,84,Female,4,1842,"Breakfast: Quinoa salad with feta cheese, Lunch: Smoothie with spinach, banana, Dinner: Quinoa salad with feta cheese, Snacks: Greek yogurt with granola"
169,72,Male,0,2916,"Breakfast: Low-fat yogurt with honey, Lunch: Fruit smoothie, Dinner: Fruit smoothie, Snacks: Carrot sticks with hummus"
186,97,Male,0,1833,"Breakfast: Fruit smoothie, Lunch: Low-fat yogurt with honey, Dinner: Oatmeal with fruits, Snacks: Carrot sticks with hummus"
181,112,Male,1,1617,"Breakfast: Whole grain toast, avocado, Lunch: Turkey sandwich, veggies, Dinner: Grilled chicken salad, Snacks: Handful of mixed nuts"
181,41,Female,1,2798,"Breakfast: Turkey sandwich, veggies, Lunch: Turkey sandwich, veggies, Dinner: Grilled chicken salad, Snacks: Protein bar"
154,78,Female,3,1637,"Breakfast: Baked salmon, steamed broccoli, Lunch: Greek yogurt with nuts, Dinner: Baked salmon, steamed broccoli, Snacks: Rice cakes with peanut butter"
162,89,Female,1,2891,"Breakfast: Turkey sandwich, veggies, Lunch: Whole grain toast, avocado, Dinner: Grilled chicken salad, Snacks: Trail mix"
187,85,Female,4,1938,"Breakfast: Smoothie with spinach, banana, Lunch: Grilled fish, salad, Dinner: Quinoa salad with feta cheese, Snacks: Apple slices with almond butter"
161,82,Female,3,2801,"Breakfast: Grilled chicken, quinoa, Lunch: Grilled chicken, quinoa, Dinner: Baked salmon, steamed broccoli, Snacks: Apple slices with almond butter"
168,48,Female,3,1350,"Breakfast: Baked sweet potatoes with chicken, Lunch: Grilled chicken, quinoa, Dinner: Grilled chicken, quinoa, Snacks: Trail mix"
151,71,Female,0,2103,"Breakfast: Oatmeal with fruits, Lunch: Boiled egg with spinach, Dinner: Oatmeal with fruits, Snacks: Protein bar"
152,67,Male,0,2139,"Breakfast: Fruit smoothie, Lunch: Boiled egg with spinach, Dinner: Low-fat yogurt with honey, Snacks: Rice cakes with peanut butter"
189,120,Male,3,2514,"Breakfast: Greek yogurt with nuts, Lunch: Baked salmon, steamed broccoli, Dinner: Grilled chicken, quinoa, Snacks: Handful of mixed nuts"
152,103,Male,5,1472,"Breakfast: Lean beef, roasted vegetables, Lunch: Lean beef, roasted vegetables, Dinner: Fish with steamed vegetables, brown rice, Snacks: Trail mix"
163,116,Female,2,2012,"Breakfast: Grilled salmon with quinoa, Lunch: Grilled salmon with quinoa, Dinner: Scrambled eggs, whole wheat bread, Snacks: Apple slices with almond butter"
180,65,Male,0,2658,"Breakfast: Oatmeal with fruits, Lunch: Fruit smoothie, Dinner: Oatmeal with fruits, Snacks: Handful of mixed nuts"
172,52,Female,0,1715,"Breakfast: Boiled egg with spinach, Lunch: Low-fat yogurt with honey, Dinner: Boiled egg with spinach, Snacks: Rice cakes with peanut butter"
185,54,Female,3,1285,"Breakfast: Grilled chicken, quinoa, Lunch: Baked salmon, steamed broccoli, Dinner: Greek yogurt with nuts, Snacks: Protein bar"
178,71,Male,2,1577,"Breakfast: Stir-fried tofu, brown rice, Lunch: Grilled salmon with quinoa, Dinner: Stir-fried tofu, brown rice, Snacks: Protein bar"
158,101,Male,2,2641,"Breakfast: Grilled salmon with quinoa, Lunch: Scrambled eggs, whole wheat bread, Dinner: Chicken wrap with veggies, Snacks: Protein bar"
150,109,Male,3,1241,"Breakfast: Greek yogurt with nuts, Lunch: Greek yogurt with nuts, Dinner: Greek yogurt with nuts, Snacks: Carrot sticks with hummus"
176,117,Male,2,3000,"Breakfast: Chicken wrap with veggies, Lunch: Stir-fried tofu, brown rice, Dinner: Stir-fried tofu, brown rice, Snacks: Carrot sticks with hummus"
174,82,Female,1,2308,"Breakfast: Turkey sandwich, veggies, Lunch: Grilled chicken salad, Dinner: Greek yogurt with berries, Snacks: Apple slices with almond butter"
154,60,Male,2,2251,"Breakfast: Scrambled eggs, whole wheat bread, Lunch: Chicken wrap with veggies, Dinner: Stir-fried tofu, brown rice, Snacks: Handful of mixed nuts"
167,50,Female,3,2090,"Breakfast: Grilled chicken, quinoa, Lunch: Greek yogurt with nuts, Dinner: Baked salmon, steamed broccoli, Snacks: Trail mix"
151,106,Male,3,1630,"Breakfast: Greek yogurt with nuts, Lunch: Greek yogurt with nuts, Dinner: Grilled chicken, quinoa, Snacks: Carrot sticks with hummus"
182,103,Female,5,2981,"Breakfast: Protein shake, almond butter toast, Lunch: Protein bar, Dinner: Lean beef, roasted vegetables, Snacks: Greek yogurt with granola"
161,57,Female,1,2658,"Breakfast: Grilled chicken salad, Lunch: Greek yogurt with berries, Dinner: Greek yogurt with berries, Snacks: Protein bar"
151,60,Female,5,2509,"Breakfast: Lean beef, roasted vegetables, Lunch: Fish with steamed vegetables, brown rice, Dinner: Protein shake, almond butter toast, Snacks: Apple slices with almond butter"
188,70,Male,4,2448,"Breakfast: Quinoa salad with feta cheese, Lunch: Grilled fish, salad, Dinner: Quinoa salad with feta cheese, Snacks: Trail mix"
158,67,Female,1,2148,"Breakfast: Turkey sandwich, veggies, Lunch: Whole grain toast, avocado, Dinner: Grilled chicken salad, Snacks: Greek yogurt with granola"
176,66,Male,5,1398,"Breakfast: Lean beef, roasted vegetables, Lunch: Lean beef, roasted vegetables, Dinner: Protein bar, Snacks: Carrot sticks with hummus"
160,47,Male,5,2871,"Breakfast: Protein bar, Lunch: Protein shake, almond butter toast, Dinner: Fish with steamed vegetables, brown rice, Snacks: Carrot sticks with hummus"
155,50,Male,0,1971,"Breakfast: Fruit smoothie, Lunch: Low-fat yogurt with honey, Dinner: Fruit smoothie, Snacks: Handful of mixed nuts"
187,86,Male,0,2664,"Breakfast: Fruit smoothie, Lunch: Oatmeal with fruits, Dinner: Boiled egg with spinach, Snacks: Carrot sticks with hummus"
167,94,Female,2,2245,"Breakfast: Chicken wrap with veggies, Lunch: Chicken wrap with veggies, Dinner: Chicken wrap with veggies, Snacks: Handful of mixed nuts"
168,50,Male,1,1612,"Breakfast: Whole grain toast, avocado, Lunch: Whole grain toast, avocado, Dinner: Whole grain toast, avocado, Snacks: Rice cakes with peanut butter"
153,45,Female,2,1940,"Breakfast: Stir-fried tofu, brown rice, Lunch: Chicken wrap with veggies, Dinner: Stir-fried tofu, brown rice, Snacks: Protein bar"
163,67,Female,3,2769,"Breakfast: Greek yogurt with nuts, Lunch: Greek yogurt with nuts, Dinner: Greek yogurt with nuts, Snacks: Handful of mixed nuts"
159,114,Male,3,1993,"Breakfast: Greek yogurt with nuts, Lunch: Grilled chicken, quinoa, Dinner: Baked sweet potatoes with chicken, Snacks: Apple slices with almond butter"
150,115,Female,5,2860,"Breakfast: Lean beef, roasted vegetables, Lunch: Protein bar, Dinner: Protein bar, Snacks: Protein bar"
153,102,Male,1,1877,"Breakfast: Grilled chicken salad, Lunch: Turkey sandwich, veggies, Dinner: Grilled chicken salad, Snacks: Rice cakes with peanut butter"
172,74,Male,4,2664,"Breakfast: Quinoa salad with feta cheese, Lunch: Grilled fish, salad, Dinner: Quinoa salad with feta cheese, Snacks: Greek yogurt with granola"
163,115,Male,0,1200,"Breakfast: Low-fat yogurt with honey, Lunch: Oatmeal with fruits, Dinner: Oatmeal with fruits, Snacks: Apple slices with almond butter"
169,89,Male,2,1573,"Breakfast: Grilled salmon with quinoa, Lunch: Grilled salmon with quinoa, Dinner: Chicken wrap with veggies, Snacks: Apple slices with almond butter"
187,102,Male,3,1678,"Breakfast: Baked salmon, steamed broccoli, Lunch: Grilled chicken, quinoa, Dinner: Baked salmon, steamed broccoli, Snacks: Trail mix"
159,41,Male,3,1719,"Breakfast: Greek yogurt with nuts, Lunch: Greek yogurt with nuts, Dinner: Baked salmon, steamed broccoli, Snacks: Protein bar"
181,95,Female,5,2605,"Breakfast: Lean beef, roasted vegetables, Lunch: Protein shake, almond butter toast, Dinner: Protein bar, Snacks: Rice cakes with peanut butter"
155,73,Female,3,1200,"Breakfast: Baked sweet potatoes with chicken, Lunch: Grilled chicken, quinoa, Dinner: Grilled chicken, quinoa, Snacks: Protein bar"
156,50,Male,0,2504,"Breakfast: Fruit smoothie, Lunch: Fruit smoothie, Dinner: Oatmeal with fruits, Snacks: Trail mix"
155,84,Female,0,1259,"Breakfast: Oatmeal with fruits, Lunch: Boiled egg with spinach, Dinner: Boiled egg with spinach, Snacks: Greek yogurt with granola"
185,54,Male,1,2913,"Breakfast: Turkey sandwich, veggies, Lunch: Greek yogurt with berries, Dinner: Grilled chicken salad, Snacks: Handful of mixed nuts"
166,86,Female,1,3000,"Breakfast: Turkey sandwich, veggies, Lunch: Whole grain toast, avocado, Dinner: Whole grain toast, avocado, Snacks: Trail mix"
162,58,Female,4,1568,"Breakfast: Grilled fish, salad, Lunch: Smoothie with spinach, banana, Dinner: Smoothie with spinach, banana, Snacks: Apple slices with almond butter"
150,52,Male,0,2255,"Breakfast: Low-fat yogurt with honey, Lunch: Oatmeal with fruits, Dinner: Oatmeal with fruits, Snacks: Handful of mixed nuts"
188,105,Male,5,2103,"Breakfast: Lean beef, roasted vegetables, Lunch: Protein shake, almond butter toast, Dinner: Lean beef, roasted vegetables, Snacks: Carrot sticks with hummus"
156,50,Female,0,1255,"Breakfast: Boiled egg with spinach, Lunch: Oatmeal with fruits, Dinner: Oatmeal with fruits, Snacks: Handful of mixed nuts"
151,67,Female,3,2455,"Breakfast: Baked salmon, steamed broccoli, Lunch: Baked sweet potatoes with chicken, Dinner: Baked sweet potatoes with chicken, Snacks: Trail mix"
150,56,Male,0,1319,"Breakfast: Fruit smoothie, Lunch: Fruit smoothie, Dinner: Oatmeal with fruits, Snacks: Apple slices with almond butter"
165,76,Male,0,2234,"Breakfast: Fruit smoothie, Lunch: Boiled egg with spinach, Dinner: Fruit smoothie, Snacks: Rice cakes with peanut butter"
185,59,Female,2,2191,"Breakfast: Stir-fried tofu, brown rice, Lunch: Grilled salmon with quinoa, Dinner: Grilled salmon with quinoa, Snacks: Greek yogurt with granola"
182,40,Male,4,1714,"Breakfast: Smoothie with spinach, banana, Lunch: Smoothie with spinach, banana, Dinner: Smoothie with spinach, banana, Snacks: Apple slices with almond butter"
187,55,Male,1,1467,"Breakfast: Greek yogurt with berries, Lunch: Turkey sandwich, veggies, Dinner: Grilled chicken salad, Snacks: Greek yogurt with granola"
181,93,Male,2,2270,"Breakfast: Scrambled eggs, whole wheat bread, Lunch: Stir-fried tofu, brown rice, Dinner: Stir-fried tofu, brown rice, Snacks: Trail mix"
186,109,Female,5,2835,"Breakfast: Fish with steamed vegetables, brown rice, Lunch: Protein bar, Dinner: Protein shake, almond butter toast, Snacks: Apple slices with almond butter"
170,84,Female,3,2592,"Breakfast: Baked sweet potatoes with chicken, Lunch: Baked salmon, steamed broccoli, Dinner: Grilled chicken, quinoa, Snacks: Handful of mixed nuts"
174,109,Male,5,2624,"Breakfast: Protein bar, Lunch: Protein shake, almond butter toast, Dinner: Lean beef, roasted vegetables, Snacks: Handful of mixed nuts"
188,86,Female,1,2280,"Breakfast: Turkey sandwich, veggies, Lunch: Grilled chicken salad, Dinner: Whole grain toast, avocado, Snacks: Protein bar"
180,57,Male,4,2579,"Breakfast: Grilled fish, salad, Lunch: Smoothie with spinach, banana, Dinner: Grilled fish, salad, Snacks: Rice cakes with peanut butter"
183,51,Male,1,2111,"Breakfast: Whole grain toast, avocado, Lunch: Whole grain toast, avocado, Dinner: Turkey sandwich, veggies, Snacks: Rice cakes with peanut butter"
163,40,Male,3,2234,"Breakfast: Greek yogurt with nuts, Lunch: Greek yogurt with nuts, Dinner: Grilled chicken, quinoa, Snacks: Apple slices with almond butter"
175,79,Female,0,1306,"Breakfast: Oatmeal with fruits, Lunch: Boiled egg with spinach, Dinner: Low-fat yogurt with honey, Snacks: Apple slices with almond butter"
171,53,Female,4,2738,"Breakfast: Smoothie with spinach, banana, Lunch: Quinoa salad with feta cheese, Dinner: Smoothie with spinach, banana, Snacks: Trail mix"
171,84,Female,5,1220,"Breakfast: Lean beef, roasted vegetables, Lunch: Fish with steamed vegetables, brown rice, Dinner: Lean beef, roasted vegetables, Snacks: Protein bar"
154,104,Male,0,1525,"Breakfast: Fruit smoothie, Lunch: Fruit smoothie, Dinner: Low-fat yogurt with honey, Snacks: Protein bar"
156,85,Female,2,2073,"Breakfast: Stir-fried tofu, brown rice, Lunch: Stir-fried tofu, brown rice, Dinner: Scrambled eggs, whole wheat bread, Snacks: Handful of mixed nuts"
157,93,Male,5,2621,"Breakfast: Fish with steamed vegetables, brown rice, Lunch: Fish with steamed vegetables, brown rice, Dinner: Lean beef, roasted vegetables, Snacks: Rice cakes with peanut butter"
158,49,Female,4,1749,"Breakfast: Grilled fish, salad, Lunch: Quinoa salad with feta cheese, Dinner: Smoothie with spinach, banana, Snacks: Greek yogurt with granola"
170,53,Male,4,2180,"Breakfast: Smoothie with spinach, banana, Lunch: Grilled fish, salad, Dinner: Grilled fish, salad, Snacks: Protein bar"
179,53,Female,2,2897,"Breakfast: Stir-fried tofu, brown rice, Lunch: Grilled salmon with quinoa, Dinner: Chicken wrap with veggies, Snacks: Trail mix"
164,114,Male,3,2631,"Breakfast: Grilled chicken, quinoa, Lunch: Grilled chicken, quinoa, Dinner: Grilled chicken, quinoa, Snacks: Greek yogurt with granola"
154,91,Female,5,1200,"Breakfast: Protein shake, almond butter toast, Lunch: Fish with steamed vegetables, brown rice, Dinner: Lean beef, roasted vegetables, Snacks: Handful of mixed nuts"
181,70,Female,1,2579,"Breakfast: Turkey sandwich, veggies, Lunch: Greek yogurt with berries, Dinner: Grilled chicken salad, Snacks: Protein bar"
177,71,Female,5,1821,"Breakfast: Fish with steamed vegetables, brown rice, Lunch: Lean beef, roasted vegetables, Dinner: Protein bar, Snacks: Apple slices with almond butter"
159,46,Male,1,2715,"Breakfast: Grilled chicken salad, Lunch: Turkey sandwich, veggies, Dinner: Grilled chicken salad, Snacks: Protein bar"
189,46,Male,4,2342,"Breakfast: Chicken breast with steamed veggies, Lunch: Grilled fish, salad, Dinner: Smoothie with spinach, banana, Snacks: Protein bar"
176,86,Male,1,2531,"Breakfast: Grilled chicken salad, Lunch: Grilled chicken salad, Dinner: Whole grain toast, avocado, Snacks: Trail mix"
169,115,Male,0,1303,"Breakfast: Oatmeal with fruits, Lunch: Boiled egg with spinach, Dinner: Fruit smoothie, Snacks: Apple slices with almond butter"
183,87,Female,3,2278,"Breakfast: Grilled chicken, quinoa, Lunch: Baked salmon, steamed broccoli, Dinner: Grilled chicken, quinoa, Snacks: Trail mix"
190,98,Male,5,2178,"Breakfast: Protein bar, Lunch: Protein shake, almond butter toast, Dinner: Fish with steamed vegetables, brown rice, Snacks: Apple slices with almond butter"
159,97,Female,1,2757,"Breakfast: Grilled chicken salad, Lunch: Turkey sandwich, veggies, Dinner: Greek yogurt with berries, Snacks: Trail mix"
177,73,Female,4,1381,"Breakfast: Smoothie with spinach, banana, Lunch: Chicken breast with steamed veggies, Dinner: Smoothie with spinach, banana, Snacks: Greek yogurt with granola"
150,89,Male,3,1724,"Breakfast: Greek yogurt with nuts, Lunch: Grilled chicken, quinoa, Dinner: Grilled chicken, quinoa, Snacks: Trail mix"
153,65,Male,0,2483,"Breakfast: Fruit smoothie, Lunch: Boiled egg with spinach, Dinner: Oatmeal with fruits, Snacks: Handful of mixed nuts"
178,59,Male,3,1550,"Breakfast: Grilled chicken, quinoa, Lunch: Baked sweet potatoes with chicken, Dinner: Baked sweet potatoes with chicken, Snacks: Apple slices with almond butter"
189,106,Female,0,1808,"Breakfast: Oatmeal with fruits, Lunch: Low-fat yogurt with honey, Dinner: Oatmeal with fruits, Snacks: Trail mix"
159,120,Female,2,1670,"Breakfast: Scrambled eggs, whole wheat bread, Lunch: Chicken wrap with veggies, Dinner: Grilled salmon with quinoa, Snacks: Handful of mixed nuts"
156,95,Female,4,2594,"Breakfast: Smoothie with spinach, banana, Lunch: Chicken breast with steamed veggies, Dinner: Grilled fish, salad, Snacks: Handful of mixed nuts"
176,95,Female,4,2751,"Breakfast: Smoothie with spinach, banana, Lunch: Chicken breast with steamed veggies, Dinner: Smoothie with spinach, banana, Snacks: Rice cakes with peanut butter"
151,93,Female,5,2663,"Breakfast: Fish with steamed vegetables, brown rice, Lunch: Protein shake, almond butter toast, Dinner: Protein bar, Snacks: Trail mix"
150,82,Female,1,1200,"Breakfast: Greek yogurt with berries, Lunch: Turkey sandwich, veggies, Dinner: Whole grain toast, avocado, Snacks: Rice cakes with peanut butter"
151,68,Female,2,1364,"Breakfast: Stir-fried tofu, brown rice, Lunch: Grilled salmon with quinoa, Dinner: Stir-fried tofu, brown rice, Snacks: Trail mix"
173,53,Female,1,2892,"Breakfast: Whole grain toast, avocado, Lunch: Grilled chicken salad, Dinner: Greek yogurt with berries, Snacks: Trail mix"
176,41,Female,0,1476,"Breakfast: Oatmeal with fruits, Lunch: Fruit smoothie, Dinner: Oatmeal with fruits, Snacks: Greek yogurt with granola"
156,87,Female,0,2259,"Breakfast: Boiled egg with spinach, Lunch: Fruit smoothie, Dinner: Low-fat yogurt with honey, Snacks: Handful of mixed nuts"
177,72,Male,2,1465,"Breakfast: Stir-fried tofu, brown rice, Lunch: Stir-fried tofu, brown rice, Dinner: Chicken wrap with veggies, Snacks: Carrot sticks with hummus"
178,100,Male,4,2355,"Breakfast: Smoothie with spinach, banana, Lunch: Grilled fish, salad, Dinner: Smoothie with spinach, banana, Snacks: Handful of mixed nuts"
182,71,Male,4,2508,"Breakfast: Chicken breast with steamed veggies, Lunch: Smoothie with spinach, banana, Dinner: Quinoa salad with feta cheese, Snacks: Handful of mixed nuts"
170,114,Female,5,1803,"Breakfast: Protein bar, Lunch: Protein shake, almond butter toast, Dinner: Fish with steamed vegetables, brown rice, Snacks: Protein bar"
157,99,Female,0,1917,"Breakfast: Boiled egg with spinach, Lunch: Low-fat yogurt with honey, Dinner: Low-fat yogurt with honey, Snacks: Handful of mixed nuts"
168,101,Male,1,2416,"Breakfast: Whole grain toast, avocado, Lunch: Turkey sandwich, veggies, Dinner: Greek yogurt with berries, Snacks: Apple slices with almond butter"
185,105,Female,1,1889,"Breakfast: Turkey sandwich, veggies, Lunch: Greek yogurt with berries, Dinner: Greek yogurt with berries, Snacks: Apple slices with almond butter"
165,51,Female,3,2457,"Breakfast: Baked salmon, steamed broccoli, Lunch: Greek yogurt with nuts, Dinner: Greek yogurt with nuts, Snacks: Rice cakes with peanut butter"
159,85,Female,2,1549,"Breakfast: Scrambled eggs, whole wheat bread, Lunch: Chicken wrap with veggies, Dinner: Grilled salmon with quinoa, Snacks: Apple slices with almond butter"
154,51,Female,4,2608,"Breakfast: Smoothie with spinach, banana, Lunch: Chicken breast with steamed veggies, Dinner: Grilled fish, salad, Snacks: Protein bar"
167,74,Male,2,1453,"Breakfast: Stir-fried tofu, brown rice, Lunch: Scrambled eggs, whole wheat bread, Dinner: Scrambled eggs, whole wheat bread, Snacks: Rice cakes with peanut butter"
163,87,Male,1,2681,"Breakfast: Greek yogurt with berries, Lunch: Grilled chicken salad, Dinner: Whole grain toast, avocado, Snacks: Carrot sticks with hummus"
156,98,Male,5,1413,"Breakfast: Fish with steamed vegetables, brown rice, Lunch: Fish with steamed vegetables, brown rice, Dinner: Protein shake, almond butter toast, Snacks: Greek yogurt with granola"
151,43,Male,3,2192,"Breakfast: Baked salmon, steamed broccoli, Lunch: Baked salmon, steamed broccoli, Dinner: Baked sweet potatoes with chicken, Snacks: Protein bar"
160,51,Male,0,1593,"Breakfast: Fruit smoothie, Lunch: Oatmeal with fruits, Dinner: Fruit smoothie, Snacks: Greek yogurt with granola"
184,50,Female,1,2161,"Breakfast: Greek yogurt with berries, Lunch: Whole grain toast, avocado, Dinner: Whole grain toast, avocado, Snacks: Handful of mixed nuts"
165,54,Female,4,2985,"Breakfast: Grilled fish, salad, Lunch: Chicken breast with steamed veggies, Dinner: Grilled fish, salad, Snacks: Carrot sticks with hummus"
179,63,Male,1,1886,"Breakfast: Turkey sandwich, veggies, Lunch: Turkey sandwich, veggies, Dinner: Greek yogurt with berries, Snacks: Greek yogurt with granola"
168,105,Female,1,1882,"Breakfast: Whole grain toast, avocado, Lunch: Greek yogurt with berries, Dinner: Turkey sandwich, veggies, Snacks: Greek yogurt with granola"
155,99,Male,1,2264,"Breakfast: Turkey sandwich, veggies, Lunch: Turkey sandwich, veggies, Dinner: Grilled chicken salad, Snacks: Greek yogurt with granola"
170,110,Female,5,1829,"Breakfast: Protein shake, almond butter toast, Lunch: Protein bar, Dinner: Fish with steamed vegetables, brown rice, Snacks: Handful of mixed nuts"
162,109,Female,3,1716,"Breakfast: Greek yogurt with nuts, Lunch: Baked sweet potatoes with chicken, Dinner: Baked salmon, steamed broccoli, Snacks: Carrot sticks with hummus"
167,107,Male,2,2953,"Breakfast: Scrambled eggs, whole wheat bread, Lunch: Chicken wrap with veggies, Dinner: Scrambled eggs, whole wheat bread, Snacks: Greek yogurt with granola"
156,83,Male,3,1363,"Breakfast: Baked salmon, steamed broccoli, Lunch: Baked sweet potatoes with chicken, Dinner: Baked salmon, steamed broccoli, Snacks: Apple slices with almond butter"
166,106,Male,0,1724,"Breakfast: Low-fat yogurt with honey, Lunch: Boiled egg with spinach, Dinner: Fruit smoothie, Snacks: Trail mix"
176,51,Female,0,2063,"Breakfast: Low-fat yogurt with honey, Lunch: Fruit smoothie, Dinner: Boiled egg with spinach, Snacks: Apple slices with almond butter"
186,101,Female,0,2931,"Breakfast: Low-fat yogurt with honey, Lunch: Fruit smoothie, Dinner: Boiled egg with spinach, Snacks: Carrot sticks with hummus"
184,84,Male,5,2504,"Breakfast: Fish with steamed vegetables, brown rice, Lunch: Lean beef, roasted vegetables, Dinner: Protein bar, Snacks: Apple slices with almond butter"
180,97,Female,5,2071,"Breakfast: Protein bar, Lunch: Lean beef, roasted vegetables, Dinner: Protein shake, almond butter toast, Snacks: Protein bar"
154,92,Female,5,1430,"Breakfast: Fish with steamed vegetables, brown rice, Lunch: Fish with steamed vegetables, brown rice, Dinner: Lean beef, roasted vegetables, Snacks: Trail mix"
190,74,Male,1,2375,"Breakfast: Greek yogurt with berries, Lunch: Whole grain toast, avocado, Dinner: Turkey sandwich, veggies, Snacks: Carrot sticks with hummus"
158,119,Female,4,2135,"Breakfast: Quinoa salad with feta cheese, Lunch: Quinoa salad with feta cheese, Dinner: Quinoa salad with feta cheese, Snacks: Apple slices with almond butter"
186,97,Male,0,2382,"Breakfast: Boiled egg with spinach, Lunch: Fruit smoothie, Dinner: Low-fat yogurt with honey, Snacks: Handful of mixed nuts"
175,55,Male,1,2357,"Breakfast: Grilled chicken salad, Lunch: Grilled chicken salad, Dinner: Turkey sandwich, veggies, Snacks: Apple slices with almond butter"
151,80,Male,2,2370,"Breakfast: Scrambled eggs, whole wheat bread, Lunch: Chicken wrap with veggies, Dinner: Chicken wrap with veggies, Snacks: Trail mix"
172,66,Male,1,1644,"Breakfast: Whole grain toast, avocado, Lunch: Turkey sandwich, veggies, Dinner: Turkey sandwich, veggies, Snacks: Handful of mixed nuts"
156,44,Female,0,2498,"Breakfast: Boiled egg with spinach, Lunch: Oatmeal with fruits, Dinner: Low-fat yogurt with honey, Snacks: Protein bar"
160,90,Female,4,1887,"Breakfast: Grilled fish, salad, Lunch: Grilled fish, salad, Dinner: Grilled fish, salad, Snacks: Protein bar"
184,55,Female,2,1280,"Breakfast: Chicken wrap with veggies, Lunch: Grilled salmon with quinoa, Dinner: Stir-fried tofu, brown rice, Snacks: Apple slices with almond butter"
167,112,Male,2,1200,"Breakfast: Chicken wrap with veggies, Lunch: Scrambled eggs, whole wheat bread, Dinner: Stir-fried tofu, brown rice, Snacks: Trail mix"
169,74,Female,0,2909,"Breakfast: Boiled egg with spinach, Lunch: Oatmeal with fruits, Dinner: Oatmeal with fruits, Snacks: Greek yogurt with granola"
150,86,Female,3,2005,"Breakfast: Baked salmon, steamed broccoli, Lunch: Baked salmon, steamed broccoli, Dinner: Baked salmon, steamed broccoli, Snacks: Apple slices with almond butter"
190,48,Female,3,1996,"Breakfast: Grilled chicken, quinoa, Lunch: Baked salmon, steamed broccoli, Dinner: Baked sweet potatoes with chicken, Snacks: Carrot sticks with hummus"
160,87,Male,2,1487,"Breakfast: Grilled salmon with quinoa, Lunch: Grilled salmon with quinoa, Dinner: Scrambled eggs, whole wheat bread, Snacks: Handful of mixed nuts"
158,100,Female,2,2437,"Breakfast: Chicken wrap with veggies, Lunch: Stir-fried tofu, brown rice, Dinner: Scrambled eggs, whole wheat bread, Snacks: Apple slices with almond butter"
166,74,Male,2,1698,"Breakfast: Chicken wrap with veggies, Lunch: Chicken wrap with veggies, Dinner: Chicken wrap with veggies, Snacks: Greek yogurt with granola"
174,47,Female,3,2765,"Breakfast: Grilled chicken, quinoa, Lunch: Baked salmon, steamed broccoli, Dinner: Baked sweet potatoes with chicken, Snacks: Handful of mixed nuts"
154,112,Female,1,2891,"Breakfast: Grilled chicken salad, Lunch: Whole grain toast, avocado, Dinner: Turkey sandwich, veggies, Snacks: Apple slices with almond butter"
180,69,Female,5,1763,"Breakfast: Fish with steamed vegetables, brown rice, Lunch: Protein bar, Dinner: Protein bar, Snacks: Apple slices with almond butter"
186,52,Male,1,2043,"Breakfast: Whole grain toast, avocado, Lunch: Grilled chicken salad, Dinner: Turkey sandwich, veggies, Snacks: Greek yogurt with granola"
173,62,Male,4,2594,"Breakfast: Chicken breast with steamed veggies, Lunch: Grilled fish, salad, Dinner: Smoothie with spinach, banana, Snacks: Handful of mixed nuts"
184,66,Female,5,1273,"Breakfast: Lean beef, roasted vegetables, Lunch: Fish with steamed vegetables, brown rice, Dinner: Protein shake, almond butter toast, Snacks: Carrot sticks with hummus"
178,77,Female,5,2215,"Breakfast: Fish with steamed vegetables, brown rice, Lunch: Fish with steamed vegetables, brown rice, Dinner: Protein bar, Snacks: Protein bar"
159,93,Male,2,2381,"Breakfast: Chicken wrap with veggies, Lunch: Scrambled eggs, whole wheat bread, Dinner: Scrambled eggs, whole wheat bread, Snacks: Carrot sticks with hummus"
189,100,Male,4,1898,"Breakfast: Grilled fish, salad, Lunch: Smoothie with spinach, banana, Dinner: Quinoa salad with feta cheese, Snacks: Handful of mixed nuts"
174,77,Female,3,2380,"Breakfast: Greek yogurt with nuts, Lunch: Baked salmon, steamed broccoli, Dinner: Greek yogurt with nuts, Snacks: Rice cakes with peanut butter"
184,60,Female,3,2395,"Breakfast: Baked salmon, steamed broccoli, Lunch: Baked salmon, steamed broccoli, Dinner: Baked sweet potatoes with chicken, Snacks: Handful of mixed nuts"
163,83,Male,4,2345,"Breakfast: Chicken breast with steamed veggies, Lunch: Quinoa salad with feta cheese, Dinner: Grilled fish, salad, Snacks: Greek yogurt with granola"
165,90,Female,0,2628,"Breakfast: Boiled egg with spinach, Lunch: Boiled egg with spinach, Dinner: Boiled egg with spinach, Snacks: Protein bar"
185,42,Male,3,2713,"Breakfast: Baked sweet potatoes with chicken, Lunch: Baked salmon, steamed broccoli, Dinner: Baked salmon, steamed broccoli, Snacks: Handful of mixed nuts"
150,45,Male,5,2897,"Breakfast: Lean beef, roasted vegetables, Lunch: Protein shake, almond butter toast, Dinner: Lean beef, roasted vegetables, Snacks: Greek yogurt with granola"
173,43,Female,2,1792,"Breakfast: Stir-fried tofu, brown rice, Lunch: Scrambled eggs, whole wheat bread, Dinner: Grilled salmon with quinoa, Snacks: Carrot sticks with hummus"
161,93,Male,1,1657,"Breakfast: Whole grain toast, avocado, Lunch: Turkey sandwich, veggies, Dinner: Greek yogurt with berries, Snacks: Trail mix"
155,73,Female,1,2531,"Breakfast: Whole grain toast, avocado, Lunch: Greek yogurt with berries, Dinner: Turkey sandwich, veggies, Snacks: Trail mix"
166,117,Female,2,1586,"Breakfast: Stir-fried tofu, brown rice, Lunch: Grilled salmon with quinoa, Dinner: Chicken wrap with veggies, Snacks: Greek yogurt with granola"
187,70,Male,5,1732,"Breakfast: Fish with steamed vegetables, brown rice, Lunch: Protein shake, almond butter toast, Dinner: Fish with steamed vegetables, brown rice, Snacks: Protein bar"
176,65,Female,1,1560,"Breakfast: Greek yogurt with berries, Lunch: Turkey sandwich, veggies, Dinner: Whole grain toast, avocado, Snacks: Greek yogurt with granola"
185,64,Male,0,2128,"Breakfast: Fruit smoothie, Lunch: Boiled egg with spinach, Dinner: Boiled egg with spinach, Snacks: Handful of mixed nuts"
181,106,Male,4,1330,"Breakfast: Chicken breast with steamed veggies, Lunch: Smoothie with spinach, banana, Dinner: Quinoa salad with feta cheese, Snacks: Rice cakes with peanut butter"
152,92,Male,3,1822,"Breakfast: Baked sweet potatoes with chicken, Lunch: Greek yogurt with nuts, Dinner: Greek yogurt with nuts, Snacks: Apple slices with almond butter"
159,88,Female,1,2463,"Breakfast: Turkey sandwich, veggies, Lunch: Turkey sandwich, veggies, Dinner: Turkey sandwich, veggies, Snacks: Protein bar"
179,112,Female,3,2093,"Breakfast: Grilled chicken, quinoa, Lunch: Grilled chicken, quinoa, Dinner: Baked salmon, steamed broccoli, Snacks: Greek yogurt with granola"
151,65,Female,0,1719,"Breakfast: Boiled egg with spinach, Lunch: Oatmeal with fruits, Dinner: Oatmeal with fruits, Snacks: Apple slices with almond butter"
165,112,Male,2,1379,"Breakfast: Scrambled eggs, whole wheat bread, Lunch: Scrambled eggs, whole wheat bread, Dinner: Scrambled eggs, whole wheat bread, Snacks: Handful of mixed nuts"
186,78,Male,2,1599,"Breakfast: Stir-fried tofu, brown rice, Lunch: Stir-fried tofu, brown rice, Dinner: Stir-fried tofu, brown rice, Snacks: Carrot sticks with hummus"
186,47,Female,2,2591,"Breakfast: Grilled salmon with quinoa, Lunch: Chicken wrap with veggies, Dinner: Scrambled eggs, whole wheat bread, Snacks: Apple slices with almond butter"
175,76,Female,4,1634,"Breakfast: Smoothie with spinach, banana, Lunch: Smoothie with spinach, banana, Dinner: Quinoa salad with feta cheese, Snacks: Apple slices with almond butter"
173,114,Male,4,1413,"Breakfast: Smoothie with spinach, banana, Lunch: Quinoa salad with feta cheese, Dinner: Chicken breast with steamed veggies, Snacks: Apple slices with almond butter"
151,110,Male,2,2410,"Breakfast: Chicken wrap with veggies, Lunch: Stir-fried tofu, brown rice, Dinner: Grilled salmon with quinoa, Snacks: Protein bar"
151,47,Male,1,2211,"Breakfast: Greek yogurt with berries, Lunch: Whole grain toast, avocado, Dinner: Greek yogurt with berries, Snacks: Apple slices with almond butter"
169,110,Female,3,1755,"Breakfast: Grilled chicken, quinoa, Lunch: Baked sweet potatoes with chicken, Dinner: Baked sweet potatoes with chicken, Snacks: Apple slices with almond butter"
181,112,Male,1,2741,"Breakfast: Greek yogurt with berries, Lunch: Grilled chicken salad, Dinner: Whole grain toast, avocado, Snacks: Greek yogurt with granola"
156,66,Male,5,1200,"Breakfast: Protein bar, Lunch: Lean beef, roasted vegetables, Dinner: Protein bar, Snacks: Greek yogurt with granola"
178,114,Female,1,1934,"Breakfast: Turkey sandwich, veggies, Lunch: Greek yogurt with berries, Dinner: Grilled chicken salad, Snacks: Protein bar"
171,52,Female,4,1301,"Breakfast: Grilled fish, salad, Lunch: Quinoa salad with feta cheese, Dinner: Quinoa salad with feta cheese, Snacks: Carrot sticks with hummus"
153,75,Female,1,2193,"Breakfast: Turkey sandwich, veggies, Lunch: Greek yogurt with berries, Dinner: Turkey sandwich, veggies, Snacks: Protein bar"
152,89,Female,3,3000,"Breakfast: Grilled chicken, quinoa, Lunch: Baked salmon, steamed broccoli, Dinner: Baked sweet potatoes with chicken, Snacks: Apple slices with almond butter"
189,87,Female,4,2324,"Breakfast: Grilled fish, salad, Lunch: Grilled fish, salad, Dinner: Chicken breast with steamed veggies, Snacks: Apple slices with almond butter"
163,63,Male,1,2382,"Breakfast: Whole grain toast, avocado, Lunch: Whole grain toast, avocado, Dinner: Turkey sandwich, veggies, Snacks: Protein bar"
157,64,Male,5,1873,"Breakfast: Protein bar, Lunch: Fish with steamed vegetables, brown rice, Dinner: Protein bar, Snacks: Rice cakes with peanut butter"
183,88,Female,0,1458,"Breakfast: Low-fat yogurt with honey, Lunch: Oatmeal with fruits, Dinner: Boiled egg with spinach, Snacks: Trail mix"
180,97,Female,1,1310,"Breakfast: Whole grain toast, avocado, Lunch: Whole grain toast, avocado, Dinner: Whole grain toast, avocado, Snacks: Apple slices with almond butter"
184,67,Male,2,1569,"Breakfast: Chicken wrap with veggies, Lunch: Scrambled eggs, whole wheat bread, Dinner: Chicken wrap with veggies, Snacks: Rice cakes with peanut butter"
185,93,Female,4,1200,"Breakfast: Chicken breast with steamed veggies, Lunch: Grilled fish, salad, Dinner: Grilled fish, salad, Snacks: Rice cakes with peanut butter"
173,105,Male,3,2170,"Breakfast: Baked sweet potatoes with chicken, Lunch: Baked salmon, steamed broccoli, Dinner: Baked salmon, steamed broccoli, Snacks: Carrot sticks with hummus"
166,60,Female,4,2904,"Breakfast: Grilled fish, salad, Lunch: Quinoa salad with feta cheese, Dinner: Quinoa salad with feta cheese, Snacks: Rice cakes with peanut butter"
176,118,Female,4,2195,"Breakfast: Smoothie with spinach, banana, Lunch: Grilled fish, salad, Dinner: Chicken breast with steamed veggies, Snacks: Apple slices with almond butter"
189,94,Female,4,1381,"Breakfast: Quinoa salad with feta cheese, Lunch: Grilled fish, salad, Dinner: Smoothie with spinach, banana, Snacks: Greek yogurt with granola"
161,64,Male,5,1387,"Breakfast: Lean beef, roasted vegetables, Lunch: Protein bar, Dinner: Protein bar, Snacks: Rice cakes with peanut butter"
175,84,Female,5,2806,"Breakfast: Fish with steamed vegetables, brown rice, Lunch: Lean beef, roasted vegetables, Dinner: Protein bar, Snacks: Apple slices with almond butter"
176,69,Female,2,1713,"Breakfast: Scrambled eggs, whole wheat bread, Lunch: Scrambled eggs, whole wheat bread, Dinner: Grilled salmon with quinoa, Snacks: Apple slices with almond butter"
174,88,Male,4,2847,"Breakfast: Chicken breast with steamed veggies, Lunch: Grilled fish, salad, Dinner: Chicken breast with steamed veggies, Snacks: Trail mix"
156,67,Female,3,1643,"Breakfast: Greek yogurt with nuts, Lunch: Baked sweet potatoes with chicken, Dinner: Baked sweet potatoes with chicken, Snacks: Protein bar"
167,115,Male,3,1813,"Breakfast: Greek yogurt with nuts, Lunch: Grilled chicken, quinoa, Dinner: Baked sweet potatoes with chicken, Snacks: Rice cakes with peanut butter"
176,58,Male,2,2469,"Breakfast: Chicken wrap with veggies, Lunch: Stir-fried tofu, brown rice, Dinner: Chicken wrap with veggies, Snacks: Trail mix"
188,73,Male,0,2018,"Breakfast: Fruit smoothie, Lunch: Oatmeal with fruits, Dinner: Low-fat yogurt with honey, Snacks: Handful of mixed nuts"
172,41,Female,3,1779,"Breakfast: Grilled chicken, quinoa, Lunch: Baked salmon, steamed broccoli, Dinner: Baked sweet potatoes with chicken, Snacks: Rice cakes with peanut butter"
183,80,Male,3,1496,"Breakfast: Baked sweet potatoes with chicken, Lunch: Baked salmon, steamed broccoli, Dinner: Greek yogurt with nuts, Snacks: Protein bar"
184,100,Male,1,1896,"Breakfast: Whole grain toast, avocado, Lunch: Turkey sandwich, veggies, Dinner: Greek yogurt with berries, Snacks: Handful of mixed nuts"
160,59,Female,2,1822,"Breakfast: Stir-fried tofu, brown rice, Lunch: Scrambled eggs, whole wheat bread, Dinner: Stir-fried tofu, brown rice, Snacks: Trail mix"
180,78,Female,3,2720,"Breakfast: Baked sweet potatoes with chicken, Lunch: Grilled chicken, quinoa, Dinner: Baked salmon, steamed broccoli, Snacks: Carrot sticks with hummus"
172,81,Female,2,2205,"Breakfast: Grilled salmon with quinoa, Lunch: Stir-fried tofu, brown rice, Dinner: Stir-fried tofu, brown rice, Snacks: Carrot sticks with hummus"
156,41,Male,4,1322,"Breakfast: Smoothie with spinach, banana, Lunch: Grilled fish, salad, Dinner: Chicken breast with steamed veggies, Snacks: Greek yogurt with granola"
168,71,Female,1,1780,"Breakfast: Grilled chicken salad, Lunch: Whole grain toast, avocado, Dinner: Greek yogurt with berries, Snacks: Greek yogurt with granola"
150,51,Male,2,1721,"Breakfast: Grilled salmon with quinoa, Lunch: Grilled salmon with quinoa, Dinner: Stir-fried tofu, brown rice, Snacks: Protein bar"
185,106,Male,2,1584,"Breakfast: Grilled salmon with quinoa, Lunch: Scrambled eggs, whole wheat bread, Dinner: Grilled salmon with quinoa, Snacks: Apple slices with almond butter"
184,54,Male,5,2037,"Breakfast: Fish with steamed vegetables, brown rice, Lunch: Lean beef, roasted vegetables, Dinner: Lean beef, roasted vegetables, Snacks: Protein bar"
189,107,Male,0,1916,"Breakfast: Oatmeal with fruits, Lunch: Oatmeal with fruits, Dinner: Oatmeal with fruits, Snacks: Trail mix"
159,92,Female,2,1364,"Breakfast: Grilled salmon with quinoa, Lunch: Grilled salmon with quinoa, Dinner: Scrambled eggs, whole wheat bread, Snacks: Greek yogurt with granola"
172,76,Male,0,1747,"Breakfast: Low-fat yogurt with honey, Lunch: Fruit smoothie, Dinner: Low-fat yogurt with honey, Snacks: Greek yogurt with granola"
180,63,Male,1,2792,"Breakfast: Turkey sandwich, veggies, Lunch: Grilled chicken salad, Dinner: Grilled chicken salad, Snacks: Carrot sticks with hummus"
168,65,Female,2,1538,"Breakfast: Grilled salmon with quinoa, Lunch: Stir-fried tofu, brown rice, Dinner: Stir-fried tofu, brown rice, Snacks: Greek yogurt with granola"
187,77,Male,1,2274,"Breakfast: Whole grain toast, avocado, Lunch: Grilled chicken salad, Dinner: Grilled chicken salad, Snacks: Carrot sticks with hummus"
183,105,Male,0,2159,"Breakfast: Fruit smoothie, Lunch: Low-fat yogurt with honey, Dinner: Low-fat yogurt with honey, Snacks: Handful of mixed nuts"
